{"cameraMode":{"drawMode":0,"name":"Shaded","section":"Shading Mode"},"sceneLighting":false,"audioPlay":false,"sceneViewState":{"showFog":true,"showMaterialUpdate":false,"showSkybox":true,"showFlares":true,"showImageEffects":true,"showParticleSystems":true},"in2DMode":false,"pivot":{"x":6.38713264465332,"y":3.760842800140381,"z":-9.912761688232422},"rotation":{"x":-0.01635529287159443,"y":-0.773280143737793,"z":0.019962508231401445,"w":-0.6335391402244568},"size":34.547096252441409,"orthographic":false}